insert into vanhacks2019.organization (id, name, phone_no, email, password) values (1, 'Skynoodle', '424-739-6610', 'twhatling0@npr.org', '7KxrnNSim36I');
insert into vanhacks2019.organization (id, name, phone_no, email, password) values (2, 'Skimia', '801-219-7117', 'asmitherman1@wunderground.com', '29MqyPJ');
insert into vanhacks2019.organization (id, name, phone_no, email, password) values (3, 'Meeveo', '111-550-2653', 'mdurno2@army.mil', 'UNLucacoH3A');
insert into vanhacks2019.organization (id, name, phone_no, email, password) values (4, 'Oozz', '201-712-2001', 'rbarrabeale3@ed.gov', 'xkGJgbU');
insert into vanhacks2019.organization (id, name, phone_no, email, password) values (5, 'Gevee', '494-340-8684', 'mfulleylove4@cisco.com', 's3RvVBZ');

insert into vanhacks2019.posts (id, title, quantity, notes, pickup_deadline, pickup_location, phone, item_type) values (1, 'Lettuce - Treviso', 2, 'Praesent id massa id nisl venenatis lacinia. Aenean sit amet justo. Morbi ut odio.', '2019-10-12 13:32:13', '2 Service Hill', '997-224-9413', 'clothing');
insert into vanhacks2019.posts (id, title, quantity, notes, pickup_deadline, pickup_location, phone, item_type) values (2, 'Wine - Cotes Du Rhone', 5, 'Praesent id massa id nisl venenatis lacinia. Aenean sit amet justo. Morbi ut odio.', '2019-10-02 07:06:02', '8 Memorial Avenue', '585-413-0328', 'clothing');
insert into vanhacks2019.posts (id, title, quantity, notes, pickup_deadline, pickup_location, phone, item_type) values (3, 'Slt - Individual Portions', 5, 'Fusce posuere felis sed lacus. Morbi sem mauris, laoreet ut, rhoncus aliquet, pulvinar sed, nisl. Nunc rhoncus dui vel sem.', '2019-11-29 03:54:06', '78970 Little Fleur Crossing', '113-269-5135', 'food');
insert into vanhacks2019.posts (id, title, quantity, notes, pickup_deadline, pickup_location, phone, item_type) values (4, 'Tuna - Salad Premix', 5, 'Nullam porttitor lacus at turpis. Donec posuere metus vitae ipsum. Aliquam non mauris.', '2019-11-19 05:38:29', '17 Sheridan Street', '767-679-9998', 'clothing');
insert into vanhacks2019.posts (id, title, quantity, notes, pickup_deadline, pickup_location, phone, item_type) values (5, 'Pur Value', 3, 'Morbi non lectus. Aliquam sit amet diam in magna bibendum imperdiet. Nullam orci pede, venenatis non, sodales sed, tincidunt eu, felis.', '2019-10-03 00:08:32', '9464 Lyons Hill', '566-351-2619', 'food');
insert into vanhacks2019.posts (id, title, quantity, notes, pickup_deadline, pickup_location, phone, item_type) values (6, 'Chicken - Leg / Back Attach', 5, 'Quisque id justo sit amet sapien dignissim vestibulum. Vestibulum ante ipsum primis in faucibus orci luctus et ultrices posuere cubilia Curae; Nulla dapibus dolor vel est. Donec odio justo, sollicitudin ut, suscipit a, feugiat et, eros.', '2019-11-09 19:18:27', '6 Westerfield Parkway', '120-213-8144', 'clothing');
insert into vanhacks2019.posts (id, title, quantity, notes, pickup_deadline, pickup_location, phone, item_type) values (7, 'Sobe - Orange Carrot', 2, 'In congue. Etiam justo. Etiam pretium iaculis justo.', '2019-11-11 20:23:29', '5 Brown Drive', '812-691-4613', 'misc');
insert into vanhacks2019.posts (id, title, quantity, notes, pickup_deadline, pickup_location, phone, item_type) values (8, 'Pork - Back Ribs', 4, 'Fusce posuere felis sed lacus. Morbi sem mauris, laoreet ut, rhoncus aliquet, pulvinar sed, nisl. Nunc rhoncus dui vel sem.', '2019-10-03 02:29:16', '5005 Oriole Street', '913-302-7631', 'food');
insert into vanhacks2019.posts (id, title, quantity, notes, pickup_deadline, pickup_location, phone, item_type) values (9, 'Chocolate - Milk, Callets', 1, 'Integer ac leo. Pellentesque ultrices mattis odio. Donec vitae nisi.', '2019-09-21 00:00:07', '2 Duke Park', '643-737-0257', 'food');
insert into vanhacks2019.posts (id, title, quantity, notes, pickup_deadline, pickup_location, phone, item_type) values (10, 'Sauce - Salsa', 5, 'Aliquam quis turpis eget elit sodales scelerisque. Mauris sit amet eros. Suspendisse accumsan tortor quis turpis.', '2019-10-04 16:13:36', '442 Corscot Way', '638-810-1758', 'clothing');
insert into vanhacks2019.posts (id, title, quantity, notes, pickup_deadline, pickup_location, phone, item_type) values (11, 'Chicken - Whole Fryers', 5, 'In quis justo. Maecenas rhoncus aliquam lacus. Morbi quis tortor id nulla ultrices aliquet.', '2019-09-29 10:19:09', '41780 Rockefeller Alley', '441-321-8578', 'food');
insert into vanhacks2019.posts (id, title, quantity, notes, pickup_deadline, pickup_location, phone, item_type) values (12, 'Lettuce - Red Leaf', 2, 'Proin eu mi. Nulla ac enim. In tempor, turpis nec euismod scelerisque, quam turpis adipiscing lorem, vitae mattis nibh ligula nec sem.', '2019-10-17 05:07:21', '2 Lakewood Gardens Circle', '543-424-9916', 'clothing');
insert into vanhacks2019.posts (id, title, quantity, notes, pickup_deadline, pickup_location, phone, item_type) values (13, 'Kellogs Cereal In A Cup', 2, 'Praesent blandit. Nam nulla. Integer pede justo, lacinia eget, tincidunt eget, tempus vel, pede.', '2019-09-19 23:13:47', '40 Luster Plaza', '307-158-3183', 'clothing');
insert into vanhacks2019.posts (id, title, quantity, notes, pickup_deadline, pickup_location, phone, item_type) values (14, 'Bouq All Italian - Primerba', 3, 'Cras non velit nec nisi vulputate nonummy. Maecenas tincidunt lacus at velit. Vivamus vel nulla eget eros elementum pellentesque.', '2019-10-01 04:35:47', '2360 High Crossing Hill', '651-281-3498', 'misc');
insert into vanhacks2019.posts (id, title, quantity, notes, pickup_deadline, pickup_location, phone, item_type) values (15, 'Red Currants', 4, 'Nam ultrices, libero non mattis pulvinar, nulla pede ullamcorper augue, a suscipit nulla elit ac nulla. Sed vel enim sit amet nunc viverra dapibus. Nulla suscipit ligula in lacus.', '2019-09-21 20:00:00', '0391 Dottie Park', '224-439-2281', 'clothing');
insert into vanhacks2019.posts (id, title, quantity, notes, pickup_deadline, pickup_location, phone, item_type) values (16, 'Lamb Rack - Ontario', 3, 'Quisque id justo sit amet sapien dignissim vestibulum. Vestibulum ante ipsum primis in faucibus orci luctus et ultrices posuere cubilia Curae; Nulla dapibus dolor vel est. Donec odio justo, sollicitudin ut, suscipit a, feugiat et, eros.', '2019-11-04 05:41:27', '49 Beilfuss Trail', '423-779-4277', 'misc');
insert into vanhacks2019.posts (id, title, quantity, notes, pickup_deadline, pickup_location, phone, item_type) values (17, 'Chip - Potato Dill Pickle', 1, 'Proin leo odio, porttitor id, consequat in, consequat ut, nulla. Sed accumsan felis. Ut at dolor quis odio consequat varius.', '2019-10-27 22:40:06', '03 Clarendon Avenue', '657-367-5371', 'clothing');
insert into vanhacks2019.posts (id, title, quantity, notes, pickup_deadline, pickup_location, phone, item_type) values (18, 'Anchovy Paste - 56 G Tube', 3, 'Proin eu mi. Nulla ac enim. In tempor, turpis nec euismod scelerisque, quam turpis adipiscing lorem, vitae mattis nibh ligula nec sem.', '2019-10-18 06:12:36', '4 Fallview Road', '652-394-7569', 'misc');
insert into vanhacks2019.posts (id, title, quantity, notes, pickup_deadline, pickup_location, phone, item_type) values (19, 'Beans - Soya Bean', 2, 'Nullam sit amet turpis elementum ligula vehicula consequat. Morbi a ipsum. Integer a nibh.', '2019-11-09 23:14:19', '613 Bobwhite Park', '425-889-3987', 'clothing');
insert into vanhacks2019.posts (id, title, quantity, notes, pickup_deadline, pickup_location, phone, item_type) values (20, 'Bread - Italian Sesame Poly', 4, 'In quis justo. Maecenas rhoncus aliquam lacus. Morbi quis tortor id nulla ultrices aliquet.', '2019-10-19 06:09:18', '625 Clemons Crossing', '209-928-4830', 'clothing');
insert into vanhacks2019.posts (id, title, quantity, notes, pickup_deadline, pickup_location, phone, item_type) values (21, 'Wanton Wrap', 2, 'Nam ultrices, libero non mattis pulvinar, nulla pede ullamcorper augue, a suscipit nulla elit ac nulla. Sed vel enim sit amet nunc viverra dapibus. Nulla suscipit ligula in lacus.', '2019-11-07 17:27:31', '9359 Hanson Lane', '800-447-4487', 'food');
insert into vanhacks2019.posts (id, title, quantity, notes, pickup_deadline, pickup_location, phone, item_type) values (22, 'Flour - Teff', 3, 'Integer ac leo. Pellentesque ultrices mattis odio. Donec vitae nisi.', '2019-10-30 22:05:30', '3 Everett Point', '771-999-8808', 'clothing');
insert into vanhacks2019.posts (id, title, quantity, notes, pickup_deadline, pickup_location, phone, item_type) values (23, 'Pork - Sausage Casing', 5, 'Vestibulum quam sapien, varius ut, blandit non, interdum in, ante. Vestibulum ante ipsum primis in faucibus orci luctus et ultrices posuere cubilia Curae; Duis faucibus accumsan odio. Curabitur convallis.', '2019-10-17 14:28:11', '7779 Gulseth Pass', '867-367-0299', 'misc');
insert into vanhacks2019.posts (id, title, quantity, notes, pickup_deadline, pickup_location, phone, item_type) values (24, 'Glass Clear 8 Oz', 3, 'Pellentesque at nulla. Suspendisse potenti. Cras in purus eu magna vulputate luctus.', '2019-10-08 02:32:50', '3274 Ludington Center', '338-815-4741', 'clothing');
insert into vanhacks2019.posts (id, title, quantity, notes, pickup_deadline, pickup_location, phone, item_type) values (25, 'Nut - Walnut, Chopped', 4, 'Phasellus in felis. Donec semper sapien a libero. Nam dui.', '2019-11-07 15:56:56', '17237 Bultman Crossing', '228-915-4273', 'clothing');
insert into vanhacks2019.posts (id, title, quantity, notes, pickup_deadline, pickup_location, phone, item_type) values (26, 'Melon - Watermelon Yellow', 4, 'Phasellus sit amet erat. Nulla tempus. Vivamus in felis eu sapien cursus vestibulum.', '2019-11-05 02:57:25', '6052 Lukken Terrace', '726-155-5208', 'misc');
insert into vanhacks2019.posts (id, title, quantity, notes, pickup_deadline, pickup_location, phone, item_type) values (27, 'Pail - 4l White, With Handle', 5, 'Duis bibendum, felis sed interdum venenatis, turpis enim blandit mi, in porttitor pede justo eu massa. Donec dapibus. Duis at velit eu est congue elementum.', '2019-10-02 15:50:56', '9 Esch Plaza', '255-708-2404', 'food');
insert into vanhacks2019.posts (id, title, quantity, notes, pickup_deadline, pickup_location, phone, item_type) values (28, 'Cookie Dough - Oatmeal Rasin', 1, 'Nam ultrices, libero non mattis pulvinar, nulla pede ullamcorper augue, a suscipit nulla elit ac nulla. Sed vel enim sit amet nunc viverra dapibus. Nulla suscipit ligula in lacus.', '2019-09-15 18:25:15', '245 Steensland Parkway', '114-722-6536', 'misc');
insert into vanhacks2019.posts (id, title, quantity, notes, pickup_deadline, pickup_location, phone, item_type) values (29, 'Star Fruit', 3, 'Curabitur in libero ut massa volutpat convallis. Morbi odio odio, elementum eu, interdum eu, tincidunt in, leo. Maecenas pulvinar lobortis est.', '2019-11-09 23:36:10', '4 Bartelt Street', '769-707-6812', 'clothing');
insert into vanhacks2019.posts (id, title, quantity, notes, pickup_deadline, pickup_location, phone, item_type) values (30, 'Muffin - Bran Ind Wrpd', 1, 'Praesent id massa id nisl venenatis lacinia. Aenean sit amet justo. Morbi ut odio.', '2019-09-30 23:29:42', '39 Armistice Junction', '770-975-8618', 'misc');
insert into vanhacks2019.posts (id, title, quantity, notes, pickup_deadline, pickup_location, phone, item_type) values (31, 'Yogurt - French Vanilla', 2, 'Maecenas leo odio, condimentum id, luctus nec, molestie sed, justo. Pellentesque viverra pede ac diam. Cras pellentesque volutpat dui.', '2019-09-15 22:16:17', '9733 Armistice Park', '373-912-8889', 'misc');
insert into vanhacks2019.posts (id, title, quantity, notes, pickup_deadline, pickup_location, phone, item_type) values (32, 'Yogurt - Assorted Pack', 1, 'Duis bibendum, felis sed interdum venenatis, turpis enim blandit mi, in porttitor pede justo eu massa. Donec dapibus. Duis at velit eu est congue elementum.', '2019-10-13 20:51:16', '346 Ridge Oak Way', '782-901-3951', 'misc');
insert into vanhacks2019.posts (id, title, quantity, notes, pickup_deadline, pickup_location, phone, item_type) values (33, 'Breadfruit', 3, 'Sed sagittis. Nam congue, risus semper porta volutpat, quam pede lobortis ligula, sit amet eleifend pede libero quis orci. Nullam molestie nibh in lectus.', '2019-09-15 08:19:39', '61 Butterfield Pass', '878-686-5752', 'food');
insert into vanhacks2019.posts (id, title, quantity, notes, pickup_deadline, pickup_location, phone, item_type) values (34, 'Wine - Gato Negro Cabernet', 2, 'Integer tincidunt ante vel ipsum. Praesent blandit lacinia erat. Vestibulum sed magna at nunc commodo placerat.', '2019-10-11 02:17:36', '04 Claremont Center', '906-787-7018', 'food');
insert into vanhacks2019.posts (id, title, quantity, notes, pickup_deadline, pickup_location, phone, item_type) values (35, 'Soup Campbells Split Pea And Ham', 3, 'Fusce consequat. Nulla nisl. Nunc nisl.', '2019-11-05 12:20:25', '68 Coleman Alley', '431-181-2899', 'food');
insert into vanhacks2019.posts (id, title, quantity, notes, pickup_deadline, pickup_location, phone, item_type) values (36, 'Wine - Trimbach Pinot Blanc', 4, 'Lorem ipsum dolor sit amet, consectetuer adipiscing elit. Proin risus. Praesent lectus.', '2019-09-25 16:27:09', '946 Orin Way', '862-340-4503', 'misc');
insert into vanhacks2019.posts (id, title, quantity, notes, pickup_deadline, pickup_location, phone, item_type) values (37, 'Tandoori Curry Paste', 3, 'Sed ante. Vivamus tortor. Duis mattis egestas metus.', '2019-09-29 15:24:00', '38196 Sullivan Crossing', '310-135-7631', 'misc');
insert into vanhacks2019.posts (id, title, quantity, notes, pickup_deadline, pickup_location, phone, item_type) values (38, 'Cheese - Cambozola', 3, 'Nulla ut erat id mauris vulputate elementum. Nullam varius. Nulla facilisi.', '2019-11-27 17:13:06', '2510 Northport Plaza', '617-659-4659', 'misc');
insert into vanhacks2019.posts (id, title, quantity, notes, pickup_deadline, pickup_location, phone, item_type) values (39, 'Tea - Orange Pekoe', 4, 'Quisque id justo sit amet sapien dignissim vestibulum. Vestibulum ante ipsum primis in faucibus orci luctus et ultrices posuere cubilia Curae; Nulla dapibus dolor vel est. Donec odio justo, sollicitudin ut, suscipit a, feugiat et, eros.', '2019-11-05 19:50:32', '05603 Blackbird Way', '210-956-5479', 'clothing');
insert into vanhacks2019.posts (id, title, quantity, notes, pickup_deadline, pickup_location, phone, item_type) values (40, 'Cake - Sheet Strawberry', 5, 'Donec diam neque, vestibulum eget, vulputate ut, ultrices vel, augue. Vestibulum ante ipsum primis in faucibus orci luctus et ultrices posuere cubilia Curae; Donec pharetra, magna vestibulum aliquet ultrices, erat tortor sollicitudin mi, sit amet lobortis sapien sapien non mi. Integer ac neque.', '2019-09-27 11:13:30', '84717 Butternut Place', '475-667-6354', 'clothing');
insert into vanhacks2019.posts (id, title, quantity, notes, pickup_deadline, pickup_location, phone, item_type) values (41, 'Versatainer Nc - 9388', 3, 'Duis consequat dui nec nisi volutpat eleifend. Donec ut dolor. Morbi vel lectus in quam fringilla rhoncus.', '2019-10-28 07:05:21', '054 Dexter Parkway', '988-937-5788', 'clothing');
insert into vanhacks2019.posts (id, title, quantity, notes, pickup_deadline, pickup_location, phone, item_type) values (42, 'Chickhen - Chicken Phyllo', 1, 'Aliquam quis turpis eget elit sodales scelerisque. Mauris sit amet eros. Suspendisse accumsan tortor quis turpis.', '2019-09-15 04:41:05', '5117 Calypso Court', '995-127-6728', 'food');
insert into vanhacks2019.posts (id, title, quantity, notes, pickup_deadline, pickup_location, phone, item_type) values (43, 'Paper Towel Touchless', 2, 'Fusce posuere felis sed lacus. Morbi sem mauris, laoreet ut, rhoncus aliquet, pulvinar sed, nisl. Nunc rhoncus dui vel sem.', '2019-10-29 02:14:42', '0549 Namekagon Crossing', '579-728-9926', 'misc');
insert into vanhacks2019.posts (id, title, quantity, notes, pickup_deadline, pickup_location, phone, item_type) values (44, 'Lotus Rootlets - Canned', 5, 'Morbi porttitor lorem id ligula. Suspendisse ornare consequat lectus. In est risus, auctor sed, tristique in, tempus sit amet, sem.', '2019-10-08 19:07:43', '75 Havey Street', '674-878-3550', 'misc');
insert into vanhacks2019.posts (id, title, quantity, notes, pickup_deadline, pickup_location, phone, item_type) values (45, 'Chilli Paste, Hot Sambal Oelek', 4, 'Suspendisse potenti. In eleifend quam a odio. In hac habitasse platea dictumst.', '2019-11-01 16:45:38', '77 Linden Street', '564-583-7193', 'food');
insert into vanhacks2019.posts (id, title, quantity, notes, pickup_deadline, pickup_location, phone, item_type) values (46, 'Cardamon Seed / Pod', 5, 'Fusce consequat. Nulla nisl. Nunc nisl.', '2019-10-23 20:45:25', '842 Jenifer Point', '879-144-9164', 'food');
insert into vanhacks2019.posts (id, title, quantity, notes, pickup_deadline, pickup_location, phone, item_type) values (47, 'Sauce - Cranberry', 4, 'Nullam porttitor lacus at turpis. Donec posuere metus vitae ipsum. Aliquam non mauris.', '2019-09-15 23:09:28', '158 Fairfield Place', '647-535-0471', 'clothing');
insert into vanhacks2019.posts (id, title, quantity, notes, pickup_deadline, pickup_location, phone, item_type) values (48, 'Coffee - Cafe Moreno', 2, 'Nullam sit amet turpis elementum ligula vehicula consequat. Morbi a ipsum. Integer a nibh.', '2019-09-19 03:11:00', '3299 Sunbrook Pass', '278-702-9908', 'clothing');
insert into vanhacks2019.posts (id, title, quantity, notes, pickup_deadline, pickup_location, phone, item_type) values (49, 'Cumin - Ground', 2, 'Quisque id justo sit amet sapien dignissim vestibulum. Vestibulum ante ipsum primis in faucibus orci luctus et ultrices posuere cubilia Curae; Nulla dapibus dolor vel est. Donec odio justo, sollicitudin ut, suscipit a, feugiat et, eros.', '2019-11-07 02:59:16', '55 Grayhawk Drive', '374-677-3874', 'misc');
insert into vanhacks2019.posts (id, title, quantity, notes, pickup_deadline, pickup_location, phone, item_type) values (50, 'Bread - Pita, Mini', 3, 'Quisque porta volutpat erat. Quisque erat eros, viverra eget, congue eget, semper rutrum, nulla. Nunc purus.', '2019-09-29 22:03:12', '603 Bartelt Street', '879-991-5554', 'food');

insert into vanhacks2019.post_images (id, post_id, order_no, url) values (1, 1, 1, 'http://dummyimage.com/463x254.jpg/cc0000/ffffff');
insert into vanhacks2019.post_images (id, post_id, order_no, url) values (2, 2, 1, 'http://dummyimage.com/265x249.jpg/dddddd/000000');
insert into vanhacks2019.post_images (id, post_id, order_no, url) values (3, 3, 1, 'http://dummyimage.com/362x254.jpg/ff4444/ffffff');
insert into vanhacks2019.post_images (id, post_id, order_no, url) values (4, 4, 1, 'http://dummyimage.com/420x268.jpg/ff4444/ffffff');
insert into vanhacks2019.post_images (id, post_id, order_no, url) values (5, 5, 1, 'http://dummyimage.com/347x230.jpg/cc0000/ffffff');
insert into vanhacks2019.post_images (id, post_id, order_no, url) values (6, 6, 1, 'http://dummyimage.com/287x238.jpg/ff4444/ffffff');
insert into vanhacks2019.post_images (id, post_id, order_no, url) values (7, 7, 1, 'http://dummyimage.com/264x260.jpg/dddddd/000000');
insert into vanhacks2019.post_images (id, post_id, order_no, url) values (8, 8, 1, 'http://dummyimage.com/365x183.jpg/dddddd/000000');
insert into vanhacks2019.post_images (id, post_id, order_no, url) values (9, 9, 1, 'http://dummyimage.com/323x190.jpg/cc0000/ffffff');
insert into vanhacks2019.post_images (id, post_id, order_no, url) values (10, 10, 1, 'http://dummyimage.com/479x239.jpg/cc0000/ffffff');
insert into vanhacks2019.post_images (id, post_id, order_no, url) values (11, 11, 1, 'http://dummyimage.com/325x187.jpg/5fa2dd/ffffff');
insert into vanhacks2019.post_images (id, post_id, order_no, url) values (12, 12, 1, 'http://dummyimage.com/355x229.jpg/cc0000/ffffff');
insert into vanhacks2019.post_images (id, post_id, order_no, url) values (13, 13, 1, 'http://dummyimage.com/303x220.jpg/ff4444/ffffff');
insert into vanhacks2019.post_images (id, post_id, order_no, url) values (14, 14, 1, 'http://dummyimage.com/424x241.jpg/cc0000/ffffff');
insert into vanhacks2019.post_images (id, post_id, order_no, url) values (15, 15, 1, 'http://dummyimage.com/430x156.jpg/ff4444/ffffff');
insert into vanhacks2019.post_images (id, post_id, order_no, url) values (16, 16, 1, 'http://dummyimage.com/375x242.jpg/dddddd/000000');
insert into vanhacks2019.post_images (id, post_id, order_no, url) values (17, 17, 1, 'http://dummyimage.com/261x298.jpg/cc0000/ffffff');
insert into vanhacks2019.post_images (id, post_id, order_no, url) values (18, 18, 1, 'http://dummyimage.com/411x295.jpg/ff4444/ffffff');
insert into vanhacks2019.post_images (id, post_id, order_no, url) values (19, 19, 1, 'http://dummyimage.com/262x212.jpg/cc0000/ffffff');
insert into vanhacks2019.post_images (id, post_id, order_no, url) values (20, 20, 1, 'http://dummyimage.com/316x197.jpg/ff4444/ffffff');
insert into vanhacks2019.post_images (id, post_id, order_no, url) values (21, 21, 1, 'http://dummyimage.com/255x188.jpg/ff4444/ffffff');
insert into vanhacks2019.post_images (id, post_id, order_no, url) values (22, 22, 1, 'http://dummyimage.com/427x228.jpg/ff4444/ffffff');
insert into vanhacks2019.post_images (id, post_id, order_no, url) values (23, 23, 1, 'http://dummyimage.com/301x209.jpg/ff4444/ffffff');
insert into vanhacks2019.post_images (id, post_id, order_no, url) values (24, 24, 1, 'http://dummyimage.com/305x222.jpg/ff4444/ffffff');
insert into vanhacks2019.post_images (id, post_id, order_no, url) values (25, 25, 1, 'http://dummyimage.com/284x160.jpg/dddddd/000000');
insert into vanhacks2019.post_images (id, post_id, order_no, url) values (26, 26, 1, 'http://dummyimage.com/392x238.jpg/cc0000/ffffff');
insert into vanhacks2019.post_images (id, post_id, order_no, url) values (27, 27, 1, 'http://dummyimage.com/318x156.jpg/ff4444/ffffff');
insert into vanhacks2019.post_images (id, post_id, order_no, url) values (28, 28, 1, 'http://dummyimage.com/419x204.jpg/5fa2dd/ffffff');
insert into vanhacks2019.post_images (id, post_id, order_no, url) values (29, 29, 1, 'http://dummyimage.com/279x296.jpg/dddddd/000000');
insert into vanhacks2019.post_images (id, post_id, order_no, url) values (30, 30, 1, 'http://dummyimage.com/380x201.jpg/ff4444/ffffff');
insert into vanhacks2019.post_images (id, post_id, order_no, url) values (31, 31, 1, 'http://dummyimage.com/383x184.jpg/cc0000/ffffff');
insert into vanhacks2019.post_images (id, post_id, order_no, url) values (32, 32, 1, 'http://dummyimage.com/255x260.jpg/ff4444/ffffff');
insert into vanhacks2019.post_images (id, post_id, order_no, url) values (33, 33, 1, 'http://dummyimage.com/301x264.jpg/5fa2dd/ffffff');
insert into vanhacks2019.post_images (id, post_id, order_no, url) values (34, 34, 1, 'http://dummyimage.com/471x196.jpg/dddddd/000000');
insert into vanhacks2019.post_images (id, post_id, order_no, url) values (35, 35, 1, 'http://dummyimage.com/348x213.jpg/ff4444/ffffff');
insert into vanhacks2019.post_images (id, post_id, order_no, url) values (36, 36, 1, 'http://dummyimage.com/410x221.jpg/5fa2dd/ffffff');
insert into vanhacks2019.post_images (id, post_id, order_no, url) values (37, 37, 1, 'http://dummyimage.com/273x261.jpg/dddddd/000000');
insert into vanhacks2019.post_images (id, post_id, order_no, url) values (38, 38, 1, 'http://dummyimage.com/469x198.jpg/5fa2dd/ffffff');
insert into vanhacks2019.post_images (id, post_id, order_no, url) values (39, 39, 1, 'http://dummyimage.com/295x245.jpg/cc0000/ffffff');
insert into vanhacks2019.post_images (id, post_id, order_no, url) values (40, 40, 1, 'http://dummyimage.com/341x262.jpg/5fa2dd/ffffff');
insert into vanhacks2019.post_images (id, post_id, order_no, url) values (41, 41, 1, 'http://dummyimage.com/315x284.jpg/cc0000/ffffff');
insert into vanhacks2019.post_images (id, post_id, order_no, url) values (42, 42, 1, 'http://dummyimage.com/379x262.jpg/ff4444/ffffff');
insert into vanhacks2019.post_images (id, post_id, order_no, url) values (43, 43, 1, 'http://dummyimage.com/498x266.jpg/cc0000/ffffff');
insert into vanhacks2019.post_images (id, post_id, order_no, url) values (44, 44, 1, 'http://dummyimage.com/359x179.jpg/5fa2dd/ffffff');
insert into vanhacks2019.post_images (id, post_id, order_no, url) values (45, 45, 1, 'http://dummyimage.com/460x161.jpg/dddddd/000000');
insert into vanhacks2019.post_images (id, post_id, order_no, url) values (46, 46, 1, 'http://dummyimage.com/280x191.jpg/dddddd/000000');
insert into vanhacks2019.post_images (id, post_id, order_no, url) values (47, 47, 1, 'http://dummyimage.com/476x242.jpg/cc0000/ffffff');
insert into vanhacks2019.post_images (id, post_id, order_no, url) values (48, 48, 1, 'http://dummyimage.com/467x273.jpg/5fa2dd/ffffff');
insert into vanhacks2019.post_images (id, post_id, order_no, url) values (49, 49, 1, 'http://dummyimage.com/327x262.jpg/5fa2dd/ffffff');
insert into vanhacks2019.post_images (id, post_id, order_no, url) values (50, 50, 1, 'http://dummyimage.com/465x285.jpg/5fa2dd/ffffff');
